Threshold,TSS
0.05,0.0
0.1,0.0
0.15000000000000002,0.376
0.2,0.492
0.25,0.565
0.3,0.826
0.35000000000000003,0.927
0.4,0.971
0.45,0.971
0.5,0.985
0.55,0.875
0.6000000000000001,0.75
0.6500000000000001,0.625
0.7000000000000001,0.5
0.7500000000000001,0.375
0.8,0.375
0.8500000000000001,0.25
0.9000000000000001,0.0
0.9500000000000001,0.0
